graph,density,avg_clust,centralization_eigenvector_centrality,centralization_katz_centrality
Judices,0.09831,0.73656,0.00711
Judices_01,0.16017,0.59024,0.02426,0.00727
Judices_02,1.0,1.0,0.08441
Judices_03,0.41667,0.796,0.03268
Judices_04,0.51471,0.81114,0.02065
Judices_05,0.30476,0.59628,0.02533,0.01814
Judices_06,0.42308,0.76789,0.0364
Judices_07,0.46154,0.87414,0.03351,0.0318
Judices_08,0.38095,0.7828,0.03824
Judices_09,0.37879,0.69806,0.03138,0.02824
Judices_10,0.47436,0.87987,0.03964,0.03105
Judices_11,0.58333,0.8254,0.04579
Judices_12,0.46667,0.63238,0.04178,0.02159
Judices_13,0.5,0.43333
Judices_14,1.0,1.0,0.00772,0.0007
Judices_15,0.16667,0.0,0.15713,0.00805
Judices_16,0.28571,0.30952,0.02925
Judices_17,0.6,0.51111,0.07346,0.01688
Judices_18,0.36111,0.57407,0.03332,0.00908
Judices_19,0.4,0.46667,0.01508
Judices_20,0.75,0.875
Judices_21,0.66667,0.58333,0.11119,0.07764
